Trust_Name,Staff_Group,UK_Staff_FTE,Overseas_Staff_FTE,Vacancies_FTE
Airedale NHS Foundation Trust,Doctors,252.8,150.0,3.8
Airedale NHS Foundation Trust,Nurses & Midwives,617.5,273.4,9.2
Airedale NHS Foundation Trust,Support Staff,1794.4,363.0,24.4
Alder Hey Children's NHS Foundation Trust,Doctors,334.0,198.3,5.1
Alder Hey Children's NHS Foundation Trust,Nurses & Midwives,865.3,383.2,12.9
Alder Hey Children's NHS Foundation Trust,Support Staff,1861.4,376.5,25.3
Ashford and St. Peter's Hospitals NHS Foundation Trust,Doctors,444.1,263.7,6.7
Ashford and St. Peter's Hospitals NHS Foundation Trust,Nurses & Midwives,955.0,422.9,14.3
Ashford and St. Peter's Hospitals NHS Foundation Trust,Support Staff,2153.8,435.7,29.3
Avon and Wiltshire Mental Health Partnership NHS Trust,Doctors,181.5,107.8,2.8
Avon and Wiltshire Mental Health Partnership NHS Trust,Nurses & Midwives,951.3,421.2,14.2
Avon and Wiltshire Mental Health Partnership NHS Trust,Support Staff,2550.9,516.0,34.7
"Barking, Havering and Redbridge University Hospitals NHS Trust",Doctors,867.3,514.9,13.2
"Barking, Havering and Redbridge University Hospitals NHS Trust",Nurses & Midwives,1883.2,833.8,28.1
"Barking, Havering and Redbridge University Hospitals NHS Trust",Support Staff,3370.5,681.8,45.8
Barnsley Hospital NHS Foundation Trust,Doctors,301.6,179.0,4.6
Barnsley Hospital NHS Foundation Trust,Nurses & Midwives,861.2,381.3,12.9
Barnsley Hospital NHS Foundation Trust,Support Staff,1904.3,385.2,25.9
Barts Health NHS Trust,Doctors,1999.8,1187.2,30.3
Barts Health NHS Trust,Nurses & Midwives,4051.5,1793.9,60.5
Barts Health NHS Trust,Support Staff,8851.1,1790.4,120.4
Bedfordshire Hospitals NHS Foundation Trust,Doctors,886.4,526.2,13.4
Bedfordshire Hospitals NHS Foundation Trust,Nurses & Midwives,1825.4,808.3,27.3
Bedfordshire Hospitals NHS Foundation Trust,Support Staff,3586.1,725.4,48.8
Berkshire Healthcare NHS Foundation Trust,Doctors,120.1,71.3,1.8
Berkshire Healthcare NHS Foundation Trust,Nurses & Midwives,877.6,388.6,13.1
Berkshire Healthcare NHS Foundation Trust,Support Staff,2668.9,539.9,36.3
Birmingham Community Healthcare NHS Foundation Trust,Doctors,138.2,82.1,2.1
Birmingham Community Healthcare NHS Foundation Trust,Nurses & Midwives,897.9,397.5,13.4
Birmingham Community Healthcare NHS Foundation Trust,Support Staff,2770.6,560.5,37.7
Birmingham Women's and Children's NHS Foundation Trust,Doctors,414.2,245.9,6.3
Birmingham Women's and Children's NHS Foundation Trust,Nurses & Midwives,1350.7,598.1,20.2
Birmingham Women's and Children's NHS Foundation Trust,Support Staff,2461.7,498.0,33.5
Birmingham and Solihull Mental Health NHS Foundation Trust,Doctors,248.5,147.6,3.8
Birmingham and Solihull Mental Health NHS Foundation Trust,Nurses & Midwives,1143.8,506.5,17.1
Birmingham and Solihull Mental Health NHS Foundation Trust,Support Staff,2874.9,581.5,39.1
Black Country Healthcare NHS Foundation Trust,Doctors,136.8,81.2,2.1
Black Country Healthcare NHS Foundation Trust,Nurses & Midwives,753.2,333.5,11.3
Black Country Healthcare NHS Foundation Trust,Support Staff,2010.2,406.6,27.3
Blackpool Teaching Hospitals NHS Foundation Trust,Doctors,422.2,250.7,6.4
Blackpool Teaching Hospitals NHS Foundation Trust,Nurses & Midwives,1622.3,718.3,24.2
Blackpool Teaching Hospitals NHS Foundation Trust,Support Staff,3272.6,662.0,44.5
Bolton NHS Foundation Trust,Doctors,414.0,245.7,6.3
Bolton NHS Foundation Trust,Nurses & Midwives,1346.0,596.0,20.1
Bolton NHS Foundation Trust,Support Staff,2720.3,550.3,37.0
Bradford District Care NHS Foundation Trust,Doctors,65.4,38.8,1.0
Bradford District Care NHS Foundation Trust,Nurses & Midwives,643.5,285.0,9.6
Bradford District Care NHS Foundation Trust,Support Staff,1633.5,330.4,22.2
Bradford Teaching Hospitals NHS Foundation Trust,Doctors,530.8,315.1,8.1
Bradford Teaching Hospitals NHS Foundation Trust,Nurses & Midwives,1296.6,574.1,19.4
Bradford Teaching Hospitals NHS Foundation Trust,Support Staff,3150.8,637.3,42.9
Bridgewater Community Healthcare NHS Foundation Trust,Doctors,34.2,20.3,0.5
Bridgewater Community Healthcare NHS Foundation Trust,Nurses & Midwives,305.7,135.4,4.6
Bridgewater Community Healthcare NHS Foundation Trust,Support Staff,625.3,126.5,8.5
Buckinghamshire Healthcare NHS Trust,Doctors,531.0,315.3,8.1
Buckinghamshire Healthcare NHS Trust,Nurses & Midwives,1422.3,629.7,21.3
Buckinghamshire Healthcare NHS Trust,Support Staff,2758.2,558.0,37.5
Calderdale and Huddersfield NHS Foundation Trust,Doctors,501.1,297.5,7.6
Calderdale and Huddersfield NHS Foundation Trust,Nurses & Midwives,1310.5,580.3,19.6
Calderdale and Huddersfield NHS Foundation Trust,Support Staff,3089.8,625.0,42.0
Cambridge University Hospitals NHS Foundation Trust,Doctors,1146.5,680.7,17.4
Cambridge University Hospitals NHS Foundation Trust,Nurses & Midwives,2690.4,1191.3,40.2
Cambridge University Hospitals NHS Foundation Trust,Support Staff,5262.1,1064.4,71.6
Cambridgeshire Community Services NHS Trust,Doctors,42.6,25.3,0.6
Cambridgeshire Community Services NHS Trust,Nurses & Midwives,510.8,226.2,7.6
Cambridgeshire Community Services NHS Trust,Support Staff,1205.5,243.9,16.4
Cambridgeshire and Peterborough NHS Foundation Trust,Doctors,134.5,79.8,2.0
Cambridgeshire and Peterborough NHS Foundation Trust,Nurses & Midwives,766.0,339.1,11.4
Cambridgeshire and Peterborough NHS Foundation Trust,Support Staff,2496.0,504.9,33.9
Central London Community Healthcare NHS Trust,Doctors,35.3,20.9,0.5
Central London Community Healthcare NHS Trust,Nurses & Midwives,1332.4,589.9,19.9
Central London Community Healthcare NHS Trust,Support Staff,2346.6,474.7,31.9
Central and North West London NHS Foundation Trust,Doctors,304.3,180.6,4.6
Central and North West London NHS Foundation Trust,Nurses & Midwives,1644.3,728.1,24.6
Central and North West London NHS Foundation Trust,Support Staff,4198.5,849.3,57.1
Chelsea and Westminster Hospital NHS Foundation Trust,Doctors,929.9,552.0,14.1
Chelsea and Westminster Hospital NHS Foundation Trust,Nurses & Midwives,1834.4,812.3,27.4
Chelsea and Westminster Hospital NHS Foundation Trust,Support Staff,2497.1,505.1,34.0
Cheshire and Wirral Partnership NHS Foundation Trust,Doctors,105.9,62.9,1.6
Cheshire and Wirral Partnership NHS Foundation Trust,Nurses & Midwives,850.9,376.8,12.7
Cheshire and Wirral Partnership NHS Foundation Trust,Support Staff,2078.8,420.5,28.3
Chesterfield Royal Hospital NHS Foundation Trust,Doctors,335.7,199.3,5.1
Chesterfield Royal Hospital NHS Foundation Trust,Nurses & Midwives,875.8,387.8,13.1
Chesterfield Royal Hospital NHS Foundation Trust,Support Staff,1671.3,338.1,22.7
Christie NHS Foundation Trust,Doctors,257.8,153.1,3.9
Christie NHS Foundation Trust,Nurses & Midwives,640.8,283.7,9.6
Christie NHS Foundation Trust,Support Staff,2183.3,441.7,29.7
Clatterbridge Cancer Centre NHS Foundation Trust,Doctors,109.6,65.1,1.7
Clatterbridge Cancer Centre NHS Foundation Trust,Nurses & Midwives,317.7,140.7,4.7
Clatterbridge Cancer Centre NHS Foundation Trust,Support Staff,1009.9,204.3,13.7
Cornwall Partnership NHS Foundation Trust,Doctors,76.7,45.5,1.2
Cornwall Partnership NHS Foundation Trust,Nurses & Midwives,862.2,381.7,12.9
Cornwall Partnership NHS Foundation Trust,Support Staff,2391.9,483.8,32.5
Countess of Chester Hospital NHS Foundation Trust,Doctors,345.6,205.2,5.2
Countess of Chester Hospital NHS Foundation Trust,Nurses & Midwives,918.4,406.7,13.7
Countess of Chester Hospital NHS Foundation Trust,Support Staff,2070.7,418.9,28.2
County Durham and Darlington NHS Foundation Trust,Doctors,589.6,350.1,8.9
County Durham and Darlington NHS Foundation Trust,Nurses & Midwives,1834.0,812.0,27.4
County Durham and Darlington NHS Foundation Trust,Support Staff,3450.9,698.1,46.9
Coventry and Warwickshire Partnership NHS Trust,Doctors,106.5,63.3,1.6
Coventry and Warwickshire Partnership NHS Trust,Nurses & Midwives,635.6,281.4,9.5
Coventry and Warwickshire Partnership NHS Trust,Support Staff,2058.3,416.4,28.0
Croydon Health Services NHS Trust,Doctors,382.9,227.3,5.8
Croydon Health Services NHS Trust,Nurses & Midwives,1000.3,442.9,14.9
Croydon Health Services NHS Trust,Support Staff,1796.7,363.4,24.4
"Cumbria, Northumberland, Tyne and Wear NHS Foundation Trust",Doctors,278.3,165.2,4.2
"Cumbria, Northumberland, Tyne and Wear NHS Foundation Trust",Nurses & Midwives,1653.2,732.0,24.7
"Cumbria, Northumberland, Tyne and Wear NHS Foundation Trust",Support Staff,3683.8,745.2,50.1
Dartford and Gravesham NHS Trust,Doctors,405.8,240.9,6.2
Dartford and Gravesham NHS Trust,Nurses & Midwives,1003.1,444.2,15.0
Dartford and Gravesham NHS Trust,Support Staff,1773.0,358.6,24.1
Derbyshire Community Health Services NHS Foundation Trust,Doctors,11.8,7.0,0.2
Derbyshire Community Health Services NHS Foundation Trust,Nurses & Midwives,848.1,375.5,12.7
Derbyshire Community Health Services NHS Foundation Trust,Support Staff,1904.2,385.2,25.9
Derbyshire Healthcare NHS Foundation Trust,Doctors,107.5,63.8,1.6
Derbyshire Healthcare NHS Foundation Trust,Nurses & Midwives,779.1,344.9,11.6
Derbyshire Healthcare NHS Foundation Trust,Support Staff,1434.7,290.2,19.5
Devon Partnership NHS Trust,Doctors,108.7,64.6,1.6
Devon Partnership NHS Trust,Nurses & Midwives,605.6,268.1,9.0
Devon Partnership NHS Trust,Support Staff,2117.5,428.3,28.8
Doncaster and Bassetlaw Teaching Hospitals NHS Foundation Trust,Doctors,486.6,288.9,7.4
Doncaster and Bassetlaw Teaching Hospitals NHS Foundation Trust,Nurses & Midwives,1283.8,568.4,19.2
Doncaster and Bassetlaw Teaching Hospitals NHS Foundation Trust,Support Staff,3095.1,626.1,42.1
Dorset County Hospital NHS Foundation Trust,Doctors,268.6,159.5,4.1
Dorset County Hospital NHS Foundation Trust,Nurses & Midwives,658.9,291.7,9.8
Dorset County Hospital NHS Foundation Trust,Support Staff,1569.3,317.4,21.3
Dorset Healthcare University NHS Foundation Trust,Doctors,85.0,50.5,1.3
Dorset Healthcare University NHS Foundation Trust,Nurses & Midwives,1079.7,478.0,16.1
Dorset Healthcare University NHS Foundation Trust,Support Staff,3317.3,671.0,45.1
Dudley Group NHS Foundation Trust,Doctors,507.6,301.4,7.7
Dudley Group NHS Foundation Trust,Nurses & Midwives,1275.1,564.6,19.1
Dudley Group NHS Foundation Trust,Support Staff,2544.9,514.8,34.6
East Cheshire NHS Trust,Doctors,184.8,109.7,2.8
East Cheshire NHS Trust,Nurses & Midwives,522.9,231.5,7.8
East Cheshire NHS Trust,Support Staff,1126.2,227.8,15.3
East Kent Hospitals University NHS Foundation Trust,Doctors,840.8,499.2,12.8
East Kent Hospitals University NHS Foundation Trust,Nurses & Midwives,2225.2,985.2,33.3
East Kent Hospitals University NHS Foundation Trust,Support Staff,4720.7,954.9,64.2
East Lancashire Hospitals NHS Trust,Doctors,624.7,370.8,9.5
East Lancashire Hospitals NHS Trust,Nurses & Midwives,1953.0,864.7,29.2
East Lancashire Hospitals NHS Trust,Support Staff,4274.1,864.6,58.1
East London NHS Foundation Trust,Doctors,295.9,175.7,4.5
East London NHS Foundation Trust,Nurses & Midwives,1372.1,607.6,20.5
East London NHS Foundation Trust,Support Staff,3772.9,763.2,51.3
East Midlands Ambulance Service NHS Trust,Nurses & Midwives,71.0,31.5,1.1
East Midlands Ambulance Service NHS Trust,Support Staff,3658.4,740.0,49.8
East Suffolk and North Essex NHS Foundation Trust,Doctors,861.3,511.4,13.1
East Suffolk and North Essex NHS Foundation Trust,Nurses & Midwives,2429.1,1075.5,36.3
East Suffolk and North Essex NHS Foundation Trust,Support Staff,5003.8,1012.2,68.1
East Sussex Healthcare NHS Trust,Doctors,518.1,307.5,7.9
East Sussex Healthcare NHS Trust,Nurses & Midwives,1476.2,653.6,22.1
East Sussex Healthcare NHS Trust,Support Staff,3801.0,768.9,51.7
East and North Hertfordshire Teaching NHS Trust,Doctors,651.8,386.9,9.9
East and North Hertfordshire Teaching NHS Trust,Nurses & Midwives,1328.6,588.3,19.9
East and North Hertfordshire Teaching NHS Trust,Support Staff,2565.8,519.0,34.9
East of England Ambulance Service NHS Trust,Doctors,0.4,0.2,0.0
East of England Ambulance Service NHS Trust,Nurses & Midwives,119.5,52.9,1.8
East of England Ambulance Service NHS Trust,Support Staff,5002.2,1011.9,68.0
Epsom and St Helier University Hospitals NHS Trust,Doctors,557.6,331.1,8.5
Epsom and St Helier University Hospitals NHS Trust,Nurses & Midwives,1342.3,594.3,20.1
Epsom and St Helier University Hospitals NHS Trust,Support Staff,2857.2,578.0,38.9
Essex Partnership University NHS Foundation Trust,Doctors,201.2,119.5,3.1
Essex Partnership University NHS Foundation Trust,Nurses & Midwives,1360.9,602.6,20.3
Essex Partnership University NHS Foundation Trust,Support Staff,3355.3,678.7,45.6
Frimley Health NHS Foundation Trust,Doctors,940.3,558.2,14.3
Frimley Health NHS Foundation Trust,Nurses & Midwives,2362.5,1046.0,35.3
Frimley Health NHS Foundation Trust,Support Staff,4683.6,947.4,63.7
Gateshead Health NHS Foundation Trust,Doctors,323.3,192.0,4.9
Gateshead Health NHS Foundation Trust,Nurses & Midwives,897.4,397.4,13.4
Gateshead Health NHS Foundation Trust,Support Staff,2332.6,471.8,31.7
George Eliot Hospital NHS Trust,Doctors,264.2,156.8,4.0
George Eliot Hospital NHS Trust,Nurses & Midwives,611.7,270.9,9.1
George Eliot Hospital NHS Trust,Support Staff,1399.4,283.1,19.0
Gloucestershire Health and Care NHS Foundation Trust,Doctors,90.7,53.8,1.4
Gloucestershire Health and Care NHS Foundation Trust,Nurses & Midwives,904.7,400.6,13.5
Gloucestershire Health and Care NHS Foundation Trust,Support Staff,2360.1,477.4,32.1
Gloucestershire Hospitals NHS Foundation Trust,Doctors,684.0,406.1,10.4
Gloucestershire Hospitals NHS Foundation Trust,Nurses & Midwives,1671.2,740.0,25.0
Gloucestershire Hospitals NHS Foundation Trust,Support Staff,3662.5,740.9,49.8
Great Ormond Street Hospital for Children NHS Foundation Trust,Doctors,484.7,287.8,7.4
Great Ormond Street Hospital for Children NHS Foundation Trust,Nurses & Midwives,1131.4,500.9,16.9
Great Ormond Street Hospital for Children NHS Foundation Trust,Support Staff,2694.5,545.0,36.6
Great Western Hospitals NHS Foundation Trust,Doctors,488.1,289.8,7.4
Great Western Hospitals NHS Foundation Trust,Nurses & Midwives,1127.6,499.3,16.9
Great Western Hospitals NHS Foundation Trust,Support Staff,2099.8,424.7,28.6
Greater Manchester Mental Health NHS Foundation Trust,Doctors,202.8,120.4,3.1
Greater Manchester Mental Health NHS Foundation Trust,Nurses & Midwives,1177.7,521.5,17.6
Greater Manchester Mental Health NHS Foundation Trust,Support Staff,3987.7,806.6,54.2
Guy's and St Thomas' NHS Foundation Trust,Doctors,1971.8,1170.6,29.9
Guy's and St Thomas' NHS Foundation Trust,Nurses & Midwives,4719.7,2089.8,70.5
Guy's and St Thomas' NHS Foundation Trust,Support Staff,10216.4,2066.6,138.9
Hampshire Hospitals NHS Foundation Trust,Doctors,640.6,380.3,9.7
Hampshire Hospitals NHS Foundation Trust,Nurses & Midwives,1535.4,679.9,22.9
Hampshire Hospitals NHS Foundation Trust,Support Staff,3197.2,646.8,43.5
Hampshire and Isle of Wight Healthcare NHS Foundation Trust,Doctors,271.3,161.0,4.1
Hampshire and Isle of Wight Healthcare NHS Foundation Trust,Nurses & Midwives,2250.6,996.5,33.6
Hampshire and Isle of Wight Healthcare NHS Foundation Trust,Support Staff,5998.2,1213.3,81.6
Harrogate and District NHS Foundation Trust,Doctors,278.7,165.4,4.2
Harrogate and District NHS Foundation Trust,Nurses & Midwives,1276.6,565.3,19.1
Harrogate and District NHS Foundation Trust,Support Staff,2078.2,420.4,28.3
Herefordshire and Worcestershire Health and Care NHS Trust,Doctors,87.0,51.7,1.3
Herefordshire and Worcestershire Health and Care NHS Trust,Nurses & Midwives,889.5,393.8,13.3
Herefordshire and Worcestershire Health and Care NHS Trust,Support Staff,2246.9,454.5,30.6
Hertfordshire Community NHS Trust,Doctors,31.8,18.8,0.5
Hertfordshire Community NHS Trust,Nurses & Midwives,513.2,227.3,7.7
Hertfordshire Community NHS Trust,Support Staff,1234.6,249.7,16.8
Hertfordshire Partnership University NHS Foundation Trust,Doctors,153.1,90.9,2.3
Hertfordshire Partnership University NHS Foundation Trust,Nurses & Midwives,661.2,292.7,9.9
Hertfordshire Partnership University NHS Foundation Trust,Support Staff,2478.4,501.4,33.7
Hillingdon Hospitals NHS Foundation Trust,Doctors,342.0,203.1,5.2
Hillingdon Hospitals NHS Foundation Trust,Nurses & Midwives,747.4,330.9,11.2
Hillingdon Hospitals NHS Foundation Trust,Support Staff,1491.9,301.8,20.3
Homerton Healthcare NHS Foundation Trust,Doctors,373.1,221.5,5.7
Homerton Healthcare NHS Foundation Trust,Nurses & Midwives,998.3,442.0,14.9
Homerton Healthcare NHS Foundation Trust,Support Staff,1785.9,361.3,24.3
Hull University Teaching Hospitals NHS Trust,Doctors,858.6,509.7,13.0
Hull University Teaching Hospitals NHS Trust,Nurses & Midwives,1832.0,811.1,27.4
Hull University Teaching Hospitals NHS Trust,Support Staff,3983.8,805.9,54.2
Humber Teaching NHS Foundation Trust,Doctors,52.5,31.1,0.8
Humber Teaching NHS Foundation Trust,Nurses & Midwives,597.3,264.4,8.9
Humber Teaching NHS Foundation Trust,Support Staff,1742.6,352.5,23.7
Imperial College Healthcare NHS Trust,Doctors,1383.7,821.4,21.0
Imperial College Healthcare NHS Trust,Nurses & Midwives,3091.4,1368.8,46.2
Imperial College Healthcare NHS Trust,Support Staff,6112.9,1236.5,83.1
Isle of Wight NHS Trust,Doctors,177.2,105.2,2.7
Isle of Wight NHS Trust,Nurses & Midwives,470.1,208.2,7.0
Isle of Wight NHS Trust,Support Staff,1146.2,231.9,15.6
James Paget University Hospitals NHS Foundation Trust,Doctors,281.6,167.1,4.3
James Paget University Hospitals NHS Foundation Trust,Nurses & Midwives,723.1,320.2,10.8
James Paget University Hospitals NHS Foundation Trust,Support Staff,1784.7,361.0,24.3
Kent Community Health NHS Foundation Trust,Doctors,60.5,35.9,0.9
Kent Community Health NHS Foundation Trust,Nurses & Midwives,856.6,379.3,12.8
Kent Community Health NHS Foundation Trust,Support Staff,2561.5,518.1,34.8
Kent and Medway Mental Health NHS Trust,Doctors,148.0,87.8,2.2
Kent and Medway Mental Health NHS Trust,Nurses & Midwives,667.5,295.6,10.0
Kent and Medway Mental Health NHS Trust,Support Staff,1893.3,383.0,25.8
Kettering General Hospital NHS Foundation Trust,Doctors,389.0,230.9,5.9
Kettering General Hospital NHS Foundation Trust,Nurses & Midwives,1022.9,452.9,15.3
Kettering General Hospital NHS Foundation Trust,Support Staff,2025.9,409.8,27.6
King's College Hospital NHS Foundation Trust,Doctors,1581.4,938.9,24.0
King's College Hospital NHS Foundation Trust,Nurses & Midwives,3328.2,1473.7,49.7
King's College Hospital NHS Foundation Trust,Support Staff,4761.6,963.2,64.8
Kingston and Richmond NHS Foundation Trust,Doctors,415.6,246.8,6.3
Kingston and Richmond NHS Foundation Trust,Nurses & Midwives,1029.8,456.0,15.4
Kingston and Richmond NHS Foundation Trust,Support Staff,1770.5,358.2,24.1
Lancashire Teaching Hospitals NHS Foundation Trust,Doctors,715.1,424.6,10.9
Lancashire Teaching Hospitals NHS Foundation Trust,Nurses & Midwives,1725.3,763.9,25.8
Lancashire Teaching Hospitals NHS Foundation Trust,Support Staff,4213.6,852.4,57.3
Lancashire and South Cumbria NHS Foundation Trust,Doctors,207.9,123.4,3.2
Lancashire and South Cumbria NHS Foundation Trust,Nurses & Midwives,1468.9,650.4,22.0
Lancashire and South Cumbria NHS Foundation Trust,Support Staff,3790.8,766.8,51.6
Leeds Community Healthcare NHS Trust,Doctors,26.7,15.9,0.4
Leeds Community Healthcare NHS Trust,Nurses & Midwives,612.5,271.2,9.2
Leeds Community Healthcare NHS Trust,Support Staff,1583.4,320.3,21.5
Leeds Teaching Hospitals NHS Trust,Doctors,1639.6,973.4,24.9
Leeds Teaching Hospitals NHS Trust,Nurses & Midwives,3347.4,1482.2,50.0
Leeds Teaching Hospitals NHS Trust,Support Staff,9503.5,1922.4,129.3
Leeds and York Partnership NHS Foundation Trust,Doctors,133.9,79.5,2.0
Leeds and York Partnership NHS Foundation Trust,Nurses & Midwives,574.4,254.4,8.6
Leeds and York Partnership NHS Foundation Trust,Support Staff,1598.5,323.4,21.7
Leicestershire Partnership NHS Trust,Doctors,152.7,90.7,2.3
Leicestershire Partnership NHS Trust,Nurses & Midwives,1227.6,543.5,18.3
Leicestershire Partnership NHS Trust,Support Staff,3416.1,691.0,46.5
Lewisham and Greenwich NHS Trust,Doctors,705.9,419.0,10.7
Lewisham and Greenwich NHS Trust,Nurses & Midwives,1855.5,821.6,27.7
Lewisham and Greenwich NHS Trust,Support Staff,3010.4,608.9,40.9
Lincolnshire Community Health Services NHS Trust,Doctors,14.4,8.5,0.2
Lincolnshire Community Health Services NHS Trust,Nurses & Midwives,527.8,233.7,7.9
Lincolnshire Community Health Services NHS Trust,Support Staff,1032.4,208.8,14.0
Lincolnshire Partnership NHS Foundation Trust,Doctors,71.1,42.2,1.1
Lincolnshire Partnership NHS Foundation Trust,Nurses & Midwives,483.2,214.0,7.2
Lincolnshire Partnership NHS Foundation Trust,Support Staff,1557.5,315.0,21.2
Liverpool Heart and Chest Hospital NHS Foundation Trust,Doctors,121.5,72.1,1.8
Liverpool Heart and Chest Hospital NHS Foundation Trust,Nurses & Midwives,431.3,191.0,6.4
Liverpool Heart and Chest Hospital NHS Foundation Trust,Support Staff,878.3,177.7,11.9
Liverpool University Hospitals NHS Foundation Trust,Doctors,1148.3,681.7,17.4
Liverpool University Hospitals NHS Foundation Trust,Nurses & Midwives,2640.7,1169.2,39.5
Liverpool University Hospitals NHS Foundation Trust,Support Staff,7070.6,1430.3,96.2
Liverpool Women's NHS Foundation Trust,Doctors,129.4,76.9,2.0
Liverpool Women's NHS Foundation Trust,Nurses & Midwives,511.0,226.2,7.6
Liverpool Women's NHS Foundation Trust,Support Staff,596.5,120.7,8.1
London Ambulance Service NHS Trust,Doctors,2.9,1.7,0.0
London Ambulance Service NHS Trust,Nurses & Midwives,48.9,21.6,0.7
London Ambulance Service NHS Trust,Support Staff,6407.6,1296.1,87.1
London North West University Healthcare NHS Trust,Doctors,996.3,591.4,15.1
London North West University Healthcare NHS Trust,Nurses & Midwives,2093.7,927.1,31.3
London North West University Healthcare NHS Trust,Support Staff,3347.1,677.1,45.5
Maidstone and Tunbridge Wells NHS Trust,Doctors,672.3,399.1,10.2
Maidstone and Tunbridge Wells NHS Trust,Nurses & Midwives,1422.1,629.7,21.3
Maidstone and Tunbridge Wells NHS Trust,Support Staff,3455.9,699.1,47.0
Manchester University NHS Foundation Trust,Doctors,2368.3,1406.0,35.9
Manchester University NHS Foundation Trust,Nurses & Midwives,6393.0,2830.7,95.5
Manchester University NHS Foundation Trust,Support Staff,12427.7,2513.9,169.0
Medway NHS Foundation Trust,Doctors,486.7,288.9,7.4
Medway NHS Foundation Trust,Nurses & Midwives,1084.7,480.3,16.2
Medway NHS Foundation Trust,Support Staff,2251.9,455.5,30.6
Mersey Care NHS Foundation Trust,Doctors,174.9,103.9,2.7
Mersey Care NHS Foundation Trust,Nurses & Midwives,2400.6,1062.9,35.9
Mersey Care NHS Foundation Trust,Support Staff,5341.2,1080.5,72.6
Mersey and West Lancashire Teaching Hospitals NHS Trust,Doctors,827.4,491.2,12.6
Mersey and West Lancashire Teaching Hospitals NHS Trust,Nurses & Midwives,2127.7,942.1,31.8
Mersey and West Lancashire Teaching Hospitals NHS Trust,Support Staff,4624.4,935.5,62.9
Mid Cheshire Hospitals NHS Foundation Trust,Doctors,311.0,184.6,4.7
Mid Cheshire Hospitals NHS Foundation Trust,Nurses & Midwives,1089.8,482.5,16.3
Mid Cheshire Hospitals NHS Foundation Trust,Support Staff,2552.4,516.3,34.7
Mid Yorkshire Teaching NHS Trust,Doctors,675.5,401.0,10.2
Mid Yorkshire Teaching NHS Trust,Nurses & Midwives,1582.8,700.8,23.7
Mid Yorkshire Teaching NHS Trust,Support Staff,4548.8,920.2,61.9
Mid and South Essex NHS Foundation Trust,Doctors,1434.2,851.5,21.8
Mid and South Essex NHS Foundation Trust,Nurses & Midwives,3291.8,1457.6,49.2
Mid and South Essex NHS Foundation Trust,Support Staff,6626.9,1340.5,90.1
Midlands Partnership University NHS Foundation Trust,Doctors,141.1,83.7,2.1
Midlands Partnership University NHS Foundation Trust,Nurses & Midwives,1792.8,793.8,26.8
Midlands Partnership University NHS Foundation Trust,Support Staff,5419.2,1096.2,73.7
Milton Keynes University Hospital NHS Foundation Trust,Doctors,357.7,212.4,5.4
Milton Keynes University Hospital NHS Foundation Trust,Nurses & Midwives,844.5,373.9,12.6
Milton Keynes University Hospital NHS Foundation Trust,Support Staff,1896.8,383.7,25.8
Moorfields Eye Hospital NHS Foundation Trust,Doctors,226.5,134.5,3.4
Moorfields Eye Hospital NHS Foundation Trust,Nurses & Midwives,332.6,147.3,5.0
Moorfields Eye Hospital NHS Foundation Trust,Support Staff,1407.7,284.8,19.1
Newcastle Upon Tyne Hospitals NHS Foundation Trust,Doctors,1325.4,786.8,20.1
Newcastle Upon Tyne Hospitals NHS Foundation Trust,Nurses & Midwives,3331.3,1475.1,49.8
Newcastle Upon Tyne Hospitals NHS Foundation Trust,Support Staff,6841.8,1384.0,93.1
Norfolk Community Health and Care NHS Trust,Doctors,9.3,5.6,0.1
Norfolk Community Health and Care NHS Trust,Nurses & Midwives,525.2,232.6,7.8
Norfolk Community Health and Care NHS Trust,Support Staff,1267.9,256.5,17.2
Norfolk and Norwich University Hospitals NHS Foundation Trust,Doctors,838.1,497.6,12.7
Norfolk and Norwich University Hospitals NHS Foundation Trust,Nurses & Midwives,1697.4,751.6,25.4
Norfolk and Norwich University Hospitals NHS Foundation Trust,Support Staff,3842.4,777.2,52.3
Norfolk and Suffolk NHS Foundation Trust,Doctors,169.0,100.3,2.6
Norfolk and Suffolk NHS Foundation Trust,Nurses & Midwives,898.7,397.9,13.4
Norfolk and Suffolk NHS Foundation Trust,Support Staff,2643.6,534.8,36.0
North Bristol NHS Trust,Doctors,817.1,485.1,12.4
North Bristol NHS Trust,Nurses & Midwives,1810.8,801.8,27.1
North Bristol NHS Trust,Support Staff,4624.7,935.5,62.9
North Cumbria Integrated Care NHS Foundation Trust,Doctors,421.9,250.4,6.4
North Cumbria Integrated Care NHS Foundation Trust,Nurses & Midwives,1288.2,570.4,19.3
North Cumbria Integrated Care NHS Foundation Trust,Support Staff,3163.4,639.9,43.0
North East Ambulance Service NHS Foundation Trust,Doctors,0.3,0.1,0.0
North East Ambulance Service NHS Foundation Trust,Nurses & Midwives,88.2,39.1,1.3
North East Ambulance Service NHS Foundation Trust,Support Staff,2673.9,540.9,36.4
North East London NHS Foundation Trust,Doctors,192.3,114.2,2.9
North East London NHS Foundation Trust,Nurses & Midwives,1593.0,705.4,23.8
North East London NHS Foundation Trust,Support Staff,3762.9,761.2,51.2
North London NHS Foundation Trust,Doctors,273.4,162.3,4.1
North London NHS Foundation Trust,Nurses & Midwives,1025.9,454.3,15.3
North London NHS Foundation Trust,Support Staff,3133.7,633.9,42.6
North Staffordshire Combined Healthcare NHS Trust,Doctors,41.0,24.3,0.6
North Staffordshire Combined Healthcare NHS Trust,Nurses & Midwives,384.0,170.0,5.7
North Staffordshire Combined Healthcare NHS Trust,Support Staff,945.8,191.3,12.9
North Tees and Hartlepool NHS Foundation Trust,Doctors,344.4,204.4,5.2
North Tees and Hartlepool NHS Foundation Trust,Nurses & Midwives,1087.8,481.6,16.3
North Tees and Hartlepool NHS Foundation Trust,Support Staff,2531.6,512.1,34.4
North West Ambulance Service NHS Trust,Doctors,1.6,1.0,0.0
North West Ambulance Service NHS Trust,Nurses & Midwives,96.8,42.9,1.4
North West Ambulance Service NHS Trust,Support Staff,5956.7,1204.9,81.0
North West Anglia NHS Foundation Trust,Doctors,673.4,399.8,10.2
North West Anglia NHS Foundation Trust,Nurses & Midwives,1564.3,692.7,23.4
North West Anglia NHS Foundation Trust,Support Staff,2949.7,596.7,40.1
Northampton General Hospital NHS Trust,Doctors,526.6,312.7,8.0
Northampton General Hospital NHS Trust,Nurses & Midwives,1196.7,529.9,17.9
Northampton General Hospital NHS Trust,Support Staff,2590.1,523.9,35.2
Northamptonshire Healthcare NHS Foundation Trust,Doctors,106.5,63.3,1.6
Northamptonshire Healthcare NHS Foundation Trust,Nurses & Midwives,1076.8,476.8,16.1
Northamptonshire Healthcare NHS Foundation Trust,Support Staff,2540.3,513.9,34.6
Northern Care Alliance NHS Foundation Trust,Doctors,1393.5,827.3,21.1
Northern Care Alliance NHS Foundation Trust,Nurses & Midwives,3821.3,1692.0,57.1
Northern Care Alliance NHS Foundation Trust,Support Staff,9088.9,1838.5,123.6
Northern Lincolnshire and Goole NHS Foundation Trust,Doctors,433.9,257.6,6.6
Northern Lincolnshire and Goole NHS Foundation Trust,Nurses & Midwives,1278.8,566.2,19.1
Northern Lincolnshire and Goole NHS Foundation Trust,Support Staff,3118.3,630.8,42.4
Northumbria Healthcare NHS Foundation Trust,Doctors,520.6,309.0,7.9
Northumbria Healthcare NHS Foundation Trust,Nurses & Midwives,1654.4,732.5,24.7
Northumbria Healthcare NHS Foundation Trust,Support Staff,4475.9,905.4,60.9
Nottingham University Hospitals NHS Trust,Doctors,1500.8,891.0,22.8
Nottingham University Hospitals NHS Trust,Nurses & Midwives,3711.2,1643.3,55.5
Nottingham University Hospitals NHS Trust,Support Staff,8331.0,1685.2,113.3
Nottinghamshire Healthcare NHS Foundation Trust,Doctors,168.1,99.8,2.6
Nottinghamshire Healthcare NHS Foundation Trust,Nurses & Midwives,1692.0,749.2,25.3
Nottinghamshire Healthcare NHS Foundation Trust,Support Staff,4400.0,890.1,59.8
Oxford Health NHS Foundation Trust,Doctors,172.0,102.1,2.6
Oxford Health NHS Foundation Trust,Nurses & Midwives,1249.0,553.0,18.7
Oxford Health NHS Foundation Trust,Support Staff,3754.9,759.5,51.1
Oxford University Hospitals NHS Foundation Trust,Doctors,1341.0,796.1,20.3
Oxford University Hospitals NHS Foundation Trust,Nurses & Midwives,2983.1,1320.8,44.6
Oxford University Hospitals NHS Foundation Trust,Support Staff,5632.5,1139.4,76.6
Oxleas NHS Foundation Trust,Doctors,140.1,83.1,2.1
Oxleas NHS Foundation Trust,Nurses & Midwives,1004.6,444.8,15.0
Oxleas NHS Foundation Trust,Support Staff,2434.9,492.5,33.1
Pennine Care NHS Foundation Trust,Doctors,138.2,82.0,2.1
Pennine Care NHS Foundation Trust,Nurses & Midwives,876.5,388.1,13.1
Pennine Care NHS Foundation Trust,Support Staff,2278.7,460.9,31.0
Portsmouth Hospitals University NHS Trust,Doctors,788.2,467.9,12.0
Portsmouth Hospitals University NHS Trust,Nurses & Midwives,1908.3,845.0,28.5
Portsmouth Hospitals University NHS Trust,Support Staff,3367.3,681.1,45.8
Princess Alexandra Hospital NHS Trust,Doctors,402.5,238.9,6.1
Princess Alexandra Hospital NHS Trust,Nurses & Midwives,843.4,373.5,12.6
Princess Alexandra Hospital NHS Trust,Support Staff,1573.1,318.2,21.4
Queen Elizabeth Hospital King's Lynn NHS Foundation Trust,Doctors,320.0,190.0,4.9
Queen Elizabeth Hospital King's Lynn NHS Foundation Trust,Nurses & Midwives,731.8,324.0,10.9
Queen Elizabeth Hospital King's Lynn NHS Foundation Trust,Support Staff,1710.1,345.9,23.3
Queen Victoria Hospital NHS Foundation Trust,Doctors,111.1,66.0,1.7
Queen Victoria Hospital NHS Foundation Trust,Nurses & Midwives,137.1,60.7,2.0
Queen Victoria Hospital NHS Foundation Trust,Support Staff,570.7,115.5,7.8
Robert Jones and Agnes Hunt Orthopaedic Hospital NHS Foundation Trust,Doctors,105.7,62.7,1.6
Robert Jones and Agnes Hunt Orthopaedic Hospital NHS Foundation Trust,Nurses & Midwives,226.6,100.3,3.4
Robert Jones and Agnes Hunt Orthopaedic Hospital NHS Foundation Trust,Support Staff,898.0,181.6,12.2
Rotherham Doncaster and South Humber NHS Foundation Trust,Doctors,48.1,28.6,0.7
Rotherham Doncaster and South Humber NHS Foundation Trust,Nurses & Midwives,790.7,350.1,11.8
Rotherham Doncaster and South Humber NHS Foundation Trust,Support Staff,1868.1,377.9,25.4
Rotherham NHS Foundation Trust,Doctors,301.6,179.0,4.6
Rotherham NHS Foundation Trust,Nurses & Midwives,902.2,399.5,13.5
Rotherham NHS Foundation Trust,Support Staff,2057.0,416.1,28.0
Royal Berkshire NHS Foundation Trust,Doctors,563.6,334.6,8.6
Royal Berkshire NHS Foundation Trust,Nurses & Midwives,1382.4,612.1,20.7
Royal Berkshire NHS Foundation Trust,Support Staff,2644.3,534.9,36.0
Royal Cornwall Hospitals NHS Trust,Doctors,603.5,358.3,9.2
Royal Cornwall Hospitals NHS Trust,Nurses & Midwives,1161.5,514.3,17.4
Royal Cornwall Hospitals NHS Trust,Support Staff,3313.3,670.2,45.1
Royal Devon University Healthcare NHS Foundation Trust,Doctors,904.8,537.1,13.7
Royal Devon University Healthcare NHS Foundation Trust,Nurses & Midwives,2217.7,981.9,33.1
Royal Devon University Healthcare NHS Foundation Trust,Support Staff,6129.1,1239.8,83.4
Royal Free London NHS Foundation Trust,Doctors,1633.6,969.8,24.8
Royal Free London NHS Foundation Trust,Nurses & Midwives,3536.1,1565.7,52.8
Royal Free London NHS Foundation Trust,Support Staff,7187.6,1453.9,97.8
Royal Marsden NHS Foundation Trust,Doctors,348.1,206.7,5.3
Royal Marsden NHS Foundation Trust,Nurses & Midwives,836.7,370.5,12.5
Royal Marsden NHS Foundation Trust,Support Staff,2410.7,487.7,32.8
Royal National Orthopaedic Hospital NHS Trust,Doctors,142.8,84.7,2.2
Royal National Orthopaedic Hospital NHS Trust,Nurses & Midwives,298.0,131.9,4.5
Royal National Orthopaedic Hospital NHS Trust,Support Staff,836.3,169.2,11.4
Royal Orthopaedic Hospital NHS Foundation Trust,Doctors,85.5,50.8,1.3
Royal Orthopaedic Hospital NHS Foundation Trust,Nurses & Midwives,199.7,88.4,3.0
Royal Orthopaedic Hospital NHS Foundation Trust,Support Staff,672.0,135.9,9.1
Royal Papworth Hospital NHS Foundation Trust,Doctors,174.9,103.8,2.7
Royal Papworth Hospital NHS Foundation Trust,Nurses & Midwives,512.3,226.8,7.7
Royal Papworth Hospital NHS Foundation Trust,Support Staff,950.9,192.4,12.9
Royal Surrey NHS Foundation Trust,Doctors,497.8,295.5,7.6
Royal Surrey NHS Foundation Trust,Nurses & Midwives,1020.2,451.7,15.2
Royal Surrey NHS Foundation Trust,Support Staff,2220.4,449.1,30.2
Royal United Hospitals Bath NHS Foundation Trust,Doctors,482.0,286.1,7.3
Royal United Hospitals Bath NHS Foundation Trust,Nurses & Midwives,1236.8,547.6,18.5
Royal United Hospitals Bath NHS Foundation Trust,Support Staff,2751.8,556.7,37.4
Royal Wolverhampton NHS Trust,Doctors,749.5,445.0,11.4
Royal Wolverhampton NHS Trust,Nurses & Midwives,1918.7,849.6,28.7
Royal Wolverhampton NHS Trust,Support Staff,4855.5,982.2,66.0
Salisbury NHS Foundation Trust,Doctors,322.6,191.5,4.9
Salisbury NHS Foundation Trust,Nurses & Midwives,817.2,361.8,12.2
Salisbury NHS Foundation Trust,Support Staff,1874.5,379.2,25.5
Sandwell and West Birmingham Hospitals NHS Trust,Doctors,586.0,347.9,8.9
Sandwell and West Birmingham Hospitals NHS Trust,Nurses & Midwives,1562.8,692.0,23.4
Sandwell and West Birmingham Hospitals NHS Trust,Support Staff,3154.3,638.1,42.9
Sheffield Children's NHS Foundation Trust,Doctors,246.9,146.5,3.7
Sheffield Children's NHS Foundation Trust,Nurses & Midwives,683.5,302.7,10.2
Sheffield Children's NHS Foundation Trust,Support Staff,1795.6,363.2,24.4
Sheffield Health Partnership University NHS Foundation Trust,Doctors,91.4,54.3,1.4
Sheffield Health Partnership University NHS Foundation Trust,Nurses & Midwives,350.0,155.0,5.2
Sheffield Health Partnership University NHS Foundation Trust,Support Staff,1312.3,265.5,17.8
Sheffield Teaching Hospitals NHS Foundation Trust,Doctors,1171.0,695.2,17.8
Sheffield Teaching Hospitals NHS Foundation Trust,Nurses & Midwives,3023.7,1338.9,45.2
Sheffield Teaching Hospitals NHS Foundation Trust,Support Staff,8036.4,1625.6,109.3
Sherwood Forest Hospitals NHS Foundation Trust,Doctors,472.4,280.5,7.2
Sherwood Forest Hospitals NHS Foundation Trust,Nurses & Midwives,1105.6,489.5,16.5
Sherwood Forest Hospitals NHS Foundation Trust,Support Staff,2586.4,523.2,35.2
Shrewsbury and Telford Hospital NHS Trust,Doctors,610.0,362.1,9.3
Shrewsbury and Telford Hospital NHS Trust,Nurses & Midwives,1491.1,660.2,22.3
Shrewsbury and Telford Hospital NHS Trust,Support Staff,3477.0,703.4,47.3
Shropshire Community Health NHS Trust,Doctors,13.6,8.0,0.2
Shropshire Community Health NHS Trust,Nurses & Midwives,440.5,195.1,6.6
Shropshire Community Health NHS Trust,Support Staff,752.1,152.1,10.2
Somerset NHS Foundation Trust,Doctors,776.3,460.8,11.8
Somerset NHS Foundation Trust,Nurses & Midwives,2294.8,1016.1,34.3
Somerset NHS Foundation Trust,Support Staff,5942.3,1202.0,80.8
South Central Ambulance Service NHS Foundation Trust,Doctors,0.4,0.3,0.0
South Central Ambulance Service NHS Foundation Trust,Nurses & Midwives,119.4,52.8,1.8
South Central Ambulance Service NHS Foundation Trust,Support Staff,2947.9,596.3,40.1
South East Coast Ambulance Service NHS Foundation Trust,Doctors,1.3,0.8,0.0
South East Coast Ambulance Service NHS Foundation Trust,Nurses & Midwives,37.9,16.8,0.6
South East Coast Ambulance Service NHS Foundation Trust,Support Staff,3717.8,752.0,50.6
South London and Maudsley NHS Foundation Trust,Doctors,325.7,193.3,4.9
South London and Maudsley NHS Foundation Trust,Nurses & Midwives,936.9,414.8,14.0
South London and Maudsley NHS Foundation Trust,Support Staff,3562.9,720.7,48.5
South Tees Hospitals NHS Foundation Trust,Doctors,749.1,444.7,11.4
South Tees Hospitals NHS Foundation Trust,Nurses & Midwives,2089.4,925.2,31.2
South Tees Hospitals NHS Foundation Trust,Support Staff,4254.4,860.6,57.9
South Tyneside and Sunderland NHS Foundation Trust,Doctors,632.5,375.5,9.6
South Tyneside and Sunderland NHS Foundation Trust,Nurses & Midwives,2108.8,933.7,31.5
South Tyneside and Sunderland NHS Foundation Trust,Support Staff,3207.9,648.9,43.6
South Warwickshire University NHS Foundation Trust,Doctors,350.6,208.1,5.3
South Warwickshire University NHS Foundation Trust,Nurses & Midwives,1155.7,511.7,17.3
South Warwickshire University NHS Foundation Trust,Support Staff,2182.7,441.5,29.7
South West London and St George's Mental Health NHS Trust,Doctors,157.1,93.2,2.4
South West London and St George's Mental Health NHS Trust,Nurses & Midwives,588.1,260.4,8.8
South West London and St George's Mental Health NHS Trust,Support Staff,1668.7,337.6,22.7
South West Yorkshire Partnership NHS Foundation Trust,Doctors,126.8,75.2,1.9
South West Yorkshire Partnership NHS Foundation Trust,Nurses & Midwives,1061.8,470.1,15.9
South West Yorkshire Partnership NHS Foundation Trust,Support Staff,2676.5,541.4,36.4
South Western Ambulance Service NHS Foundation Trust,Doctors,2.2,1.3,0.0
South Western Ambulance Service NHS Foundation Trust,Nurses & Midwives,57.7,25.5,0.9
South Western Ambulance Service NHS Foundation Trust,Support Staff,4606.6,931.8,62.7
St George's University Hospitals NHS Foundation Trust,Doctors,1047.1,621.6,15.9
St George's University Hospitals NHS Foundation Trust,Nurses & Midwives,2003.0,886.9,29.9
St George's University Hospitals NHS Foundation Trust,Support Staff,4458.3,901.8,60.6
Stockport NHS Foundation Trust,Doctors,396.7,235.5,6.0
Stockport NHS Foundation Trust,Nurses & Midwives,1297.3,574.4,19.4
Stockport NHS Foundation Trust,Support Staff,2685.0,543.1,36.5
Surrey and Borders Partnership NHS Foundation Trust,Doctors,133.2,79.1,2.0
Surrey and Borders Partnership NHS Foundation Trust,Nurses & Midwives,496.3,219.7,7.4
Surrey and Borders Partnership NHS Foundation Trust,Support Staff,1841.7,372.6,25.0
Surrey and Sussex Healthcare NHS Trust,Doctors,434.8,258.1,6.6
Surrey and Sussex Healthcare NHS Trust,Nurses & Midwives,1066.1,472.0,15.9
Surrey and Sussex Healthcare NHS Trust,Support Staff,2033.2,411.3,27.7
Sussex Community NHS Foundation Trust,Doctors,43.2,25.7,0.7
Sussex Community NHS Foundation Trust,Nurses & Midwives,934.5,413.8,14.0
Sussex Community NHS Foundation Trust,Support Staff,2687.4,543.6,36.6
Sussex Partnership NHS Foundation Trust,Doctors,165.5,98.2,2.5
Sussex Partnership NHS Foundation Trust,Nurses & Midwives,861.7,381.5,12.9
Sussex Partnership NHS Foundation Trust,Support Staff,2804.2,567.3,38.1
Tameside and Glossop Integrated Care NHS Foundation Trust,Doctors,299.0,177.5,4.5
Tameside and Glossop Integrated Care NHS Foundation Trust,Nurses & Midwives,908.2,402.2,13.6
Tameside and Glossop Integrated Care NHS Foundation Trust,Support Staff,2123.5,429.5,28.9
Tavistock and Portman NHS Foundation Trust,Doctors,12.2,7.2,0.2
Tavistock and Portman NHS Foundation Trust,Nurses & Midwives,12.3,5.4,0.2
Tavistock and Portman NHS Foundation Trust,Support Staff,536.1,108.4,7.3
"Tees, Esk and Wear Valleys NHS Foundation Trust",Doctors,243.1,144.3,3.7
"Tees, Esk and Wear Valleys NHS Foundation Trust",Nurses & Midwives,1639.8,726.0,24.5
"Tees, Esk and Wear Valleys NHS Foundation Trust",Support Staff,3807.4,770.2,51.8
Torbay and South Devon NHS Foundation Trust,Doctors,406.5,241.3,6.2
Torbay and South Devon NHS Foundation Trust,Nurses & Midwives,1024.1,453.4,15.3
Torbay and South Devon NHS Foundation Trust,Support Staff,3360.0,679.7,45.7
United Lincolnshire Teaching Hospitals NHS Trust,Doctors,740.6,439.6,11.2
United Lincolnshire Teaching Hospitals NHS Trust,Nurses & Midwives,1830.8,810.6,27.4
United Lincolnshire Teaching Hospitals NHS Trust,Support Staff,4233.8,856.4,57.6
University College London Hospitals NHS Foundation Trust,Doctors,1185.3,703.6,18.0
University College London Hospitals NHS Foundation Trust,Nurses & Midwives,2380.6,1054.1,35.6
University College London Hospitals NHS Foundation Trust,Support Staff,4619.1,934.4,62.8
University Hospital Southampton NHS Foundation Trust,Doctors,1230.7,730.7,18.7
University Hospital Southampton NHS Foundation Trust,Nurses & Midwives,2700.8,1195.8,40.4
University Hospital Southampton NHS Foundation Trust,Support Staff,5223.3,1056.6,71.0
University Hospitals Birmingham NHS Foundation Trust,Doctors,2060.3,1223.1,31.3
University Hospitals Birmingham NHS Foundation Trust,Nurses & Midwives,4455.8,1973.0,66.6
University Hospitals Birmingham NHS Foundation Trust,Support Staff,10965.1,2218.1,149.1
University Hospitals Bristol and Weston NHS Foundation Trust,Doctors,1098.8,652.4,16.7
University Hospitals Bristol and Weston NHS Foundation Trust,Nurses & Midwives,2519.7,1115.6,37.7
University Hospitals Bristol and Weston NHS Foundation Trust,Support Staff,5358.7,1084.0,72.9
University Hospitals Coventry and Warwickshire NHS Trust,Doctors,871.3,517.3,13.2
University Hospitals Coventry and Warwickshire NHS Trust,Nurses & Midwives,2188.8,969.1,32.7
University Hospitals Coventry and Warwickshire NHS Trust,Support Staff,4329.9,875.9,58.9
University Hospitals Dorset NHS Foundation Trust,Doctors,776.1,460.8,11.8
University Hospitals Dorset NHS Foundation Trust,Nurses & Midwives,1792.7,793.7,26.8
University Hospitals Dorset NHS Foundation Trust,Support Staff,4211.9,852.0,57.3
University Hospitals Plymouth NHS Trust,Doctors,860.8,511.0,13.1
University Hospitals Plymouth NHS Trust,Nurses & Midwives,1855.5,821.6,27.7
University Hospitals Plymouth NHS Trust,Support Staff,4903.4,991.9,66.7
University Hospitals Sussex NHS Foundation Trust,Doctors,1473.3,874.7,22.4
University Hospitals Sussex NHS Foundation Trust,Nurses & Midwives,3391.0,1501.4,50.7
University Hospitals Sussex NHS Foundation Trust,Support Staff,7457.6,1508.6,101.4
University Hospitals of Derby and Burton NHS Foundation Trust,Doctors,1085.0,644.2,16.5
University Hospitals of Derby and Burton NHS Foundation Trust,Nurses & Midwives,2630.5,1164.7,39.3
University Hospitals of Derby and Burton NHS Foundation Trust,Support Staff,5990.7,1211.8,81.5
University Hospitals of Leicester NHS Trust,Doctors,1535.4,911.5,23.3
University Hospitals of Leicester NHS Trust,Nurses & Midwives,3507.5,1553.1,52.4
University Hospitals of Leicester NHS Trust,Support Staff,7681.7,1553.9,104.5
University Hospitals of Morecambe Bay NHS Foundation Trust,Doctors,462.5,274.6,7.0
University Hospitals of Morecambe Bay NHS Foundation Trust,Nurses & Midwives,1409.1,623.9,21.1
University Hospitals of Morecambe Bay NHS Foundation Trust,Support Staff,2922.4,591.2,39.7
University Hospitals of North Midlands NHS Trust,Doctors,1025.6,608.9,15.6
University Hospitals of North Midlands NHS Trust,Nurses & Midwives,2574.7,1140.0,38.5
University Hospitals of North Midlands NHS Trust,Support Staff,5206.0,1053.1,70.8
Walsall Healthcare NHS Trust,Doctors,359.1,213.2,5.4
Walsall Healthcare NHS Trust,Nurses & Midwives,1087.2,481.4,16.2
Walsall Healthcare NHS Trust,Support Staff,1914.9,387.4,26.0
Walton Centre NHS Foundation Trust,Doctors,130.6,77.6,2.0
Walton Centre NHS Foundation Trust,Nurses & Midwives,286.7,126.9,4.3
Walton Centre NHS Foundation Trust,Support Staff,699.0,141.4,9.5
Warrington and Halton Teaching Hospitals NHS Foundation Trust,Doctors,316.0,187.6,4.8
Warrington and Halton Teaching Hospitals NHS Foundation Trust,Nurses & Midwives,815.6,361.1,12.2
Warrington and Halton Teaching Hospitals NHS Foundation Trust,Support Staff,2059.9,416.7,28.0
West Hertfordshire Teaching Hospitals NHS Trust,Doctors,527.0,312.8,8.0
West Hertfordshire Teaching Hospitals NHS Trust,Nurses & Midwives,1217.9,539.3,18.2
West Hertfordshire Teaching Hospitals NHS Trust,Support Staff,2248.6,454.8,30.6
West London NHS Trust,Doctors,188.6,112.0,2.9
West London NHS Trust,Nurses & Midwives,975.1,431.7,14.6
West London NHS Trust,Support Staff,3079.6,622.9,41.9
West Midlands Ambulance Service University NHS Foundation Trust,Doctors,2.2,1.3,0.0
West Midlands Ambulance Service University NHS Foundation Trust,Nurses & Midwives,41.6,18.4,0.6
West Midlands Ambulance Service University NHS Foundation Trust,Support Staff,5423.5,1097.1,73.8
West Suffolk NHS Foundation Trust,Doctors,341.0,202.4,5.2
West Suffolk NHS Foundation Trust,Nurses & Midwives,880.5,389.8,13.2
West Suffolk NHS Foundation Trust,Support Staff,2226.3,450.4,30.3
Whittington Health NHS Trust,Doctors,367.1,218.0,5.6
Whittington Health NHS Trust,Nurses & Midwives,971.2,430.0,14.5
Whittington Health NHS Trust,Support Staff,2448.5,495.3,33.3
Wirral Community Health and Care NHS Foundation Trust,Doctors,5.6,3.4,0.1
Wirral Community Health and Care NHS Foundation Trust,Nurses & Midwives,445.9,197.5,6.7
Wirral Community Health and Care NHS Foundation Trust,Support Staff,516.3,104.4,7.0
Wirral University Teaching Hospital NHS Foundation Trust,Doctors,459.1,272.5,7.0
Wirral University Teaching Hospital NHS Foundation Trust,Nurses & Midwives,1167.4,516.9,17.4
Wirral University Teaching Hospital NHS Foundation Trust,Support Staff,2893.5,585.3,39.4
Worcestershire Acute Hospitals NHS Trust,Doctors,577.3,342.7,8.8
Worcestershire Acute Hospitals NHS Trust,Nurses & Midwives,1627.7,720.7,24.3
Worcestershire Acute Hospitals NHS Trust,Support Staff,3144.9,636.2,42.8
"Wrightington, Wigan and Leigh Teaching Hospitals NHS Foundation Trust",Doctors,406.2,241.1,6.2
"Wrightington, Wigan and Leigh Teaching Hospitals NHS Foundation Trust",Nurses & Midwives,1297.2,574.4,19.4
"Wrightington, Wigan and Leigh Teaching Hospitals NHS Foundation Trust",Support Staff,3114.7,630.0,42.4
Wye Valley NHS Trust,Doctors,300.9,178.7,4.6
Wye Valley NHS Trust,Nurses & Midwives,794.2,351.6,11.9
Wye Valley NHS Trust,Support Staff,1739.4,351.8,23.7
York and Scarborough Teaching Hospitals NHS Foundation Trust,Doctors,652.6,387.4,9.9
York and Scarborough Teaching Hospitals NHS Foundation Trust,Nurses & Midwives,1688.8,747.8,25.2
York and Scarborough Teaching Hospitals NHS Foundation Trust,Support Staff,4770.8,965.0,64.9
Yorkshire Ambulance Service NHS Trust,Doctors,1.3,0.8,0.0
Yorkshire Ambulance Service NHS Trust,Nurses & Midwives,113.2,50.1,1.7
Yorkshire Ambulance Service NHS Trust,Support Staff,5238.0,1059.6,71.2
